{"schemaVersion":"1.0","appDefinitionTemplate":{"id":"/providers/Microsoft.PowerApps/apps/","type":"Microsoft.PowerApps/apps","tags":{"primaryDeviceWidth":"1366","primaryDeviceHeight":"768","sienaVersion":"bbf5c2fa-9bb6-4db6-9772-e4be60823a34","deviceCapabilities":"","supportsPortrait":"true","supportsLandscape":"true","primaryFormFactor":"Tablet","publisherVersion":"3.20112.43","minimumRequiredApiVersion":"2.2.0","hasComponent":"false","hasUnlockedComponent":"false","isUnifiedRootApp":"false"},"properties":{"appVersion":"2020-11-21T10:20:16Z","lifeCycleId":"Published","createdByClientVersion":{"major":3,"minor":20112,"build":43,"revision":0,"majorRevision":0,"minorRevision":0},"minClientVersion":{"major":3,"minor":20112,"build":43,"revision":0,"majorRevision":0,"minorRevision":0},"backgroundColor":"rgba(0, 176, 240, 1)","backgroundImageUri":"/2766281691122033561/N2f38ebbe-a29a-4907-a12f-0679bdf0c562-logoSmallFile","displayName":"Responsive design layout pattern - Horizontal centered","description":"","commitMessage":"","appUris":{"documentUri":{"value":"/2766281691122033561/N99223aeb-19ce-43ac-89df-8c2db036e154-document.msapp"},"imageUris":[]},"createdTime":"0001-01-01T00:00:00Z","lastModifiedTime":"0001-01-01T00:00:00Z","sharedGroupsCount":0,"sharedUsersCount":0,"icons":{"smallIconUri":"/2766281691122033561/N00152adf-7eff-471c-b7bb-23a9b769a91c-small.png","mediumIconUri":"/2766281691122033561/N0a46cc2b-adf9-49c6-a656-084dd3d8f7e7-medium.png","largeIconUri":"/2766281691122033561/N56cd6daf-5d92-4e9c-b5d0-eb58c93d0b72-large.png","wideIconUri":"/2766281691122033561/N06b722fc-8741-42b4-83c3-f99a58344fba-wide.png"},"connectionReferences":{},"databaseReferences":{},"almMode":"Environment","performanceOptimizationEnabled":true,"canConsumeAppPass":true,"executionRestrictions":{"isTeamsOnly":false,"dataLossPreventionEvaluationResult":{"status":"Compliant","lastEvaluationDate":"2020-11-21T08:31:23.9435426Z","violationDetails":[]}}},"isAppComponentLibrary":false,"appType":"ClassicCanvasApp","appComponents":[]}}