{"schemaVersion":"1.0","appDefinitionTemplate":{"id":"/providers/Microsoft.PowerApps/apps/","type":"Microsoft.PowerApps/apps","tags":{"primaryDeviceWidth":"1366","primaryDeviceHeight":"768","sienaVersion":"20201121T105849Z-3.20112.43.0","deviceCapabilities":"","supportsPortrait":"true","supportsLandscape":"true","primaryFormFactor":"Tablet","publisherVersion":"3.20112.43","minimumRequiredApiVersion":"2.2.0","hasComponent":"false","hasUnlockedComponent":"false","isUnifiedRootApp":"false"},"properties":{"appVersion":"2020-11-21T10:58:49Z","lifeCycleId":"Published","createdByClientVersion":{"major":3,"minor":20112,"build":43,"revision":0,"majorRevision":0,"minorRevision":0},"minClientVersion":{"major":3,"minor":20112,"build":43,"revision":0,"majorRevision":0,"minorRevision":0},"backgroundColor":"rgba(0, 176, 240, 1)","backgroundImageUri":"/14313190737359558829/Ne13465a2-be5f-4b65-9be0-718af52e579a-logoSmallFile","displayName":"Responsive design layout pattern - Header and Footer","description":"","commitMessage":"","appUris":{"documentUri":{"value":"/14313190737359558829/N81df2bea-e33b-4eb8-9980-eb186e105766-document.msapp"},"imageUris":[]},"createdTime":"0001-01-01T00:00:00Z","lastModifiedTime":"0001-01-01T00:00:00Z","sharedGroupsCount":0,"sharedUsersCount":0,"icons":{"smallIconUri":"/14313190737359558829/N8a5971aa-9050-42ed-b70e-6d87f2687978-small.png","mediumIconUri":"/14313190737359558829/N052a0b08-987f-411b-9f1c-ae2bfdd38322-medium.png","largeIconUri":"/14313190737359558829/Ne79d9710-c533-49f2-b7ea-26b355e8ff85-large.png","wideIconUri":"/14313190737359558829/N063c96f4-8a1a-4eed-9540-96cdf9394813-wide.png"},"connectionReferences":{},"databaseReferences":{},"almMode":"Environment","performanceOptimizationEnabled":true,"canConsumeAppPass":true,"executionRestrictions":{"isTeamsOnly":false,"dataLossPreventionEvaluationResult":{"status":"Compliant","lastEvaluationDate":"2020-11-18T21:06:36.2039051Z","violationDetails":[]}}},"isAppComponentLibrary":false,"appType":"ClassicCanvasApp","appComponents":[]}}