{"schemaVersion":"1.0","appDefinitionTemplate":{"id":"/providers/Microsoft.PowerApps/apps/","type":"Microsoft.PowerApps/apps","tags":{"primaryDeviceWidth":"1366","primaryDeviceHeight":"768","sienaVersion":"20201123T162222Z-3.20112.43.0","deviceCapabilities":"","supportsPortrait":"true","supportsLandscape":"true","primaryFormFactor":"Tablet","publisherVersion":"3.20112.43","minimumRequiredApiVersion":"2.2.0","hasComponent":"false","hasUnlockedComponent":"false","isUnifiedRootApp":"false"},"properties":{"appVersion":"2020-11-23T16:22:22Z","lifeCycleId":"Published","createdByClientVersion":{"major":3,"minor":20112,"build":43,"revision":0,"majorRevision":0,"minorRevision":0},"minClientVersion":{"major":3,"minor":20112,"build":43,"revision":0,"majorRevision":0,"minorRevision":0},"backgroundColor":"rgba(0, 176, 240, 1)","backgroundImageUri":"/15671564195858891432/N11f36c70-cdf5-45f9-ae8b-17796159efc9-logoSmallFile","displayName":"Responsive design layout pattern - Column drop","description":"","commitMessage":"","appUris":{"documentUri":{"value":"/15671564195858891432/N5e15d273-d336-48b2-b34e-938bc2c15734-document.msapp"},"imageUris":[]},"createdTime":"0001-01-01T00:00:00Z","lastModifiedTime":"0001-01-01T00:00:00Z","sharedGroupsCount":0,"sharedUsersCount":0,"icons":{"smallIconUri":"/15671564195858891432/Nd5344a81-4081-438a-9d6a-e6dc3b9d9363-small.png","mediumIconUri":"/15671564195858891432/N5359e8a6-df53-4999-b953-02ed20d28820-medium.png","largeIconUri":"/15671564195858891432/N26a3cb75-f52b-4082-a3f9-2bca7246898f-large.png","wideIconUri":"/15671564195858891432/Nac4ad3d3-bd67-471f-bb80-743971f20ad2-wide.png"},"connectionReferences":{},"databaseReferences":{},"almMode":"Environment","performanceOptimizationEnabled":true,"canConsumeAppPass":true,"executionRestrictions":{"isTeamsOnly":false,"dataLossPreventionEvaluationResult":{"status":"Compliant","lastEvaluationDate":"2020-11-18T21:46:32.4039143Z","violationDetails":[]}}},"isAppComponentLibrary":false,"appType":"ClassicCanvasApp","appComponents":[]}}