{"schemaVersion":"1.0","appDefinitionTemplate":{"id":"/providers/Microsoft.PowerApps/apps/","type":"Microsoft.PowerApps/apps","tags":{"primaryDeviceWidth":"1366","primaryDeviceHeight":"768","sienaVersion":"20201123T162236Z-3.20112.43.0","deviceCapabilities":"","supportsPortrait":"true","supportsLandscape":"true","primaryFormFactor":"Tablet","publisherVersion":"3.20112.43","minimumRequiredApiVersion":"2.2.0","hasComponent":"false","hasUnlockedComponent":"false","isUnifiedRootApp":"false"},"properties":{"appVersion":"2020-11-23T16:22:36Z","lifeCycleId":"Published","createdByClientVersion":{"major":3,"minor":20112,"build":43,"revision":0,"majorRevision":0,"minorRevision":0},"minClientVersion":{"major":3,"minor":20112,"build":43,"revision":0,"majorRevision":0,"minorRevision":0},"backgroundColor":"rgba(0, 176, 240, 1)","backgroundImageUri":"/4339598753497475551/N7a5b1b4f-cc2a-4e1d-a72c-a3d88fc6d43f-logoSmallFile","displayName":"Responsive design layout pattern - Mostly fluid","description":"","commitMessage":"","appUris":{"documentUri":{"value":"/4339598753497475551/Nb7945146-5fca-404a-a7a3-383d964f2e08-document.msapp"},"imageUris":[]},"createdTime":"0001-01-01T00:00:00Z","lastModifiedTime":"0001-01-01T00:00:00Z","sharedGroupsCount":0,"sharedUsersCount":0,"icons":{"smallIconUri":"/4339598753497475551/N345e09bc-3ba8-4792-bb6c-feed61d650b0-small.png","mediumIconUri":"/4339598753497475551/Ne6f11fdf-cfd4-44d5-bf4a-3706e4bda618-medium.png","largeIconUri":"/4339598753497475551/Nadfe600a-06ea-4f42-8a65-5f5f340e5a7e-large.png","wideIconUri":"/4339598753497475551/Neac7cd34-bcb1-4704-9682-11833b7fdeb9-wide.png"},"connectionReferences":{},"databaseReferences":{},"almMode":"Environment","performanceOptimizationEnabled":true,"canConsumeAppPass":true,"executionRestrictions":{"isTeamsOnly":false,"dataLossPreventionEvaluationResult":{"status":"Compliant","lastEvaluationDate":"2020-11-21T18:55:50.9790379Z","violationDetails":[]}}},"isAppComponentLibrary":false,"appType":"ClassicCanvasApp","appComponents":[]}}